URL	A	B	C	D	E	F	links
gordonllp.com	https://www.gordonllp.com/	https://www.gordonllp.com/lawyers/	https://www.gordonllp.com/contact-us/				[ "gordonllp.com", "https://www.gordonllp.com/", "https://www.gordonllp.com/lawyers/", "https://www.gordonllp.com/contact-us/" ]
conepllc.com	https://conepllc.com/	https://conepllc.com/contact-us/	https://conepllc.com/about-us/				[ "conepllc.com", "https://conepllc.com/", "https://conepllc.com/contact-us/", "https://conepllc.com/about-us/" ]
arnlaw.com	https://www.arnlaw.com/	https://www.arnlaw.com/attorneys/	https://www.arnlaw.com/contact/	https://www.arnlaw.com/client-testimonials/	https://www.arnlaw.com/about/		[ "arnlaw.com", "https://www.arnlaw.com/", "https://www.arnlaw.com/attorneys/", "https://www.arnlaw.com/contact/", "https://www.arnlaw.com/client-testimonials/", "https://www.arnlaw.com/about/" ]
bwlawonline.com	https://bwlawonline.com/	https://bwlawonline.com/about-our-firm/	https://bwlawonline.com/contact-us/	https://bwlawonline.com/our-team/	https://bwlawonline.com/testimonials/		[ "bwlawonline.com", "https://bwlawonline.com/", "https://bwlawonline.com/about-our-firm/", "https://bwlawonline.com/contact-us/", "https://bwlawonline.com/our-team/", "https://bwlawonline.com/testimonials/" ]
hamiltonclarkellp.com	https://www.hamiltonclarkellp.com/	https://www.hamiltonclarkellp.com/testimonials/	https://www.hamiltonclarkellp.com/our-team/	https://www.hamiltonclarkellp.com/about-us/	https://www.hamiltonclarkellp.com/contact-us/		[ "hamiltonclarkellp.com", "https://www.hamiltonclarkellp.com/", "https://www.hamiltonclarkellp.com/testimonials/", "https://www.hamiltonclarkellp.com/our-team/", "https://www.hamiltonclarkellp.com/about-us/", "https://www.hamiltonclarkellp.com/contact-us/" ]
goldmanharris.com	https://www.goldmanharris.com/our-team	https://www.goldmanharris.com/contact-us	https://www.goldmanharris.com				[ "goldmanharris.com", "https://www.goldmanharris.com/our-team", "https://www.goldmanharris.com/contact-us", "https://www.goldmanharris.com" ]
hmslawgroup.com	https://www.hmslawgroup.com/home	https://www.hmslawgroup.com/contact-us	https://www.hmslawgroup.com/attorneys	https://www.hmslawgroup.com/about			[ "hmslawgroup.com", "https://www.hmslawgroup.com/home", "https://www.hmslawgroup.com/contact-us", "https://www.hmslawgroup.com/attorneys", "https://www.hmslawgroup.com/about" ]
brimahlaw.com	https://www.brimahlaw.com/about-us/	https://www.brimahlaw.com/					[ "brimahlaw.com", "https://www.brimahlaw.com/about-us/", "https://www.brimahlaw.com/" ]
goldenholleyjames.com	https://www.goldenholleyjames.com/attorneys/	https://www.goldenholleyjames.com/our-work/	https://www.goldenholleyjames.com				[ "goldenholleyjames.com", "https://www.goldenholleyjames.com/attorneys/", "https://www.goldenholleyjames.com/our-work/", "https://www.goldenholleyjames.com" ]
omnilawgroup.com	https://www.omnilawgroup.com/	https://www.omnilawgroup.com/your_firm/contact.php	https://www.omnilawgroup.com/your_firm/	https://www.omnilawgroup.com/your_firm/clients.php			[ "omnilawgroup.com", "https://www.omnilawgroup.com/", "https://www.omnilawgroup.com/your_firm/contact.php", "https://www.omnilawgroup.com/your_firm/", "https://www.omnilawgroup.com/your_firm/clients.php" ]
meza.law	https://www.meza.law/contact-meza	https://www.meza.law/ricardo-meza-1	https://www.meza.law/david-herrera	https://www.meza.law			[ "meza.law", "https://www.meza.law/contact-meza", "https://www.meza.law/ricardo-meza-1", "https://www.meza.law/david-herrera", "https://www.meza.law" ]
axell.law	https://axell.law/services/	https://axell.law/contact/	https://axell.law				[ "axell.law", "https://axell.law/services/", "https://axell.law/contact/", "https://axell.law" ]
getgary.com	https://getgary.com/	https://getgary.com/about/	https://getgary.com/contact-us/				[ "getgary.com", "https://getgary.com/", "https://getgary.com/about/", "https://getgary.com/contact-us/" ]
glgesq.com	https://glgesq.com/who-we-are/	https://glgesq.com/practice-areas/	https://glgesq.com				[ "glgesq.com", "https://glgesq.com/who-we-are/", "https://glgesq.com/practice-areas/", "https://glgesq.com" ]
calvertlawpllc.com	https://www.calvertlawpllc.com/	https://www.calvertlawpllc.com/contact/					[ "calvertlawpllc.com", "https://www.calvertlawpllc.com/", "https://www.calvertlawpllc.com/contact/" ]
knappinjurylaw.com	https://www.knappinjurylaw.com/home	https://knappinjurylaw.com/contact/					[ "knappinjurylaw.com", "https://www.knappinjurylaw.com/home", "https://knappinjurylaw.com/contact/" ]
tejlawfirm.com	https://tejlawfirm.com/	https://tejlawfirm.com/?page_id=11					[ "tejlawfirm.com", "https://tejlawfirm.com/", "https://tejlawfirm.com/?page_id=11" ]
zarrenlawgroup.com	https://www.zarrenlawgroup.com/about-us	https://www.zarrenlawgroup.com/contact-us	https://www.zarrenlawgroup.com				[ "zarrenlawgroup.com", "https://www.zarrenlawgroup.com/about-us", "https://www.zarrenlawgroup.com/contact-us", "https://www.zarrenlawgroup.com" ]
sorokalegal.com	https://www.sorokalegal.com/	https://www.sorokalegal.com/attorney/	https://www.sorokalegal.com/contact-us/	https://www.sorokalegal.com/results/			[ "sorokalegal.com", "https://www.sorokalegal.com/", "https://www.sorokalegal.com/attorney/", "https://www.sorokalegal.com/contact-us/", "https://www.sorokalegal.com/results/" ]
bk-lawyer.net	https://www.bk-lawyer.net/contact-us/	https://www.bk-lawyer.net/attorneys/	https://www.bk-lawyer.net				[ "bk-lawyer.net", "https://www.bk-lawyer.net/contact-us/", "https://www.bk-lawyer.net/attorneys/", "https://www.bk-lawyer.net" ]
frankfirmpc.com	https://frankfirmpc.com/	https://frankfirmpc.com/contact/	https://frankfirmpc.com/about-us/				[ "frankfirmpc.com", "https://frankfirmpc.com/", "https://frankfirmpc.com/contact/", "https://frankfirmpc.com/about-us/" ]
browninglonglaw.com	https://www.browninglonglaw.com	https://www.browninglonglaw.com/testimonials.cfm	https://www.browninglonglaw.com/contact.cfm	https://www.browninglonglaw.com/bio/c-todd-browning.cfm	https://www.browninglonglaw.com/bio/howard-w-long-ii.cfm	https://www.browninglonglaw.com/aboutus.cfm	[ "browninglonglaw.com", "https://www.browninglonglaw.com", "https://www.browninglonglaw.com/testimonials.cfm", "https://www.browninglonglaw.com/contact.cfm", "https://www.browninglonglaw.com/bio/c-todd-browning.cfm", "https://www.browninglonglaw.com/bio/howard-w-long-ii.cfm", "https://www.browninglonglaw.com/aboutus.cfm" ]
thekinseylawoffice.com	https://www.thekinseylawoffice.com/legal-services	https://www.thekinseylawoffice.com/contact	https://www.thekinseylawoffice.com/				[ "thekinseylawoffice.com", "https://www.thekinseylawoffice.com/legal-services", "https://www.thekinseylawoffice.com/contact", "https://www.thekinseylawoffice.com/" ]
reifelattorney.com	https://www.reifelattorney.com/about-us	https://www.reifelattorney.com/practice-areas	https://www.reifelattorney.com				[ "reifelattorney.com", "https://www.reifelattorney.com/about-us", "https://www.reifelattorney.com/practice-areas", "https://www.reifelattorney.com" ]
rinkalaw.com	https://rinkalaw.com/client-reviews/	https://rinkalaw.com/contact-us/	https://rinkalaw.com/attorney-profile/	https://rinkalaw.com/firm-overview/	https://rinkalaw.com		[ "rinkalaw.com", "https://rinkalaw.com/client-reviews/", "https://rinkalaw.com/contact-us/", "https://rinkalaw.com/attorney-profile/", "https://rinkalaw.com/firm-overview/", "https://rinkalaw.com" ]
henschelmoberg.com	https://www.henschelmoberg.com/index.php/services/	https://www.henschelmoberg.com/index.php/contact-us/	https://www.henschelmoberg.com/index.php	https://www.henschelmoberg.com/index.php/support-staff/			[ "henschelmoberg.com", "https://www.henschelmoberg.com/index.php/services/", "https://www.henschelmoberg.com/index.php/contact-us/", "https://www.henschelmoberg.com/index.php", "https://www.henschelmoberg.com/index.php/support-staff/" ]
jablawgroup.com	https://www.jablawgroup.com/team	https://www.jablawgroup.com/practices	https://www.jablawgroup.com				[ "jablawgroup.com", "https://www.jablawgroup.com/team", "https://www.jablawgroup.com/practices", "https://www.jablawgroup.com" ]
cascobaylaw.com	https://www.cascobaylaw.com/	https://www.cascobaylaw.com/practice-areas	https://www.cascobaylaw.com/attorneys				[ "cascobaylaw.com", "https://www.cascobaylaw.com/", "https://www.cascobaylaw.com/practice-areas", "https://www.cascobaylaw.com/attorneys" ]
oarlawyers.com	https://www.oarlawyers.com/	https://www.oarlawyers.com/contact-us/	https://www.oarlawyers.com/attorneys/	https://www.oarlawyers.com/practice-areas/			[ "oarlawyers.com", "https://www.oarlawyers.com/", "https://www.oarlawyers.com/contact-us/", "https://www.oarlawyers.com/attorneys/", "https://www.oarlawyers.com/practice-areas/" ]
jhlawga.com	https://www.jhlawga.com/	https://www.jhlawga.com/contact-us	https://www.jhlawga.com/about-us/	https://www.jhlawga.com/practice-areas			[ "jhlawga.com", "https://www.jhlawga.com/", "https://www.jhlawga.com/contact-us", "https://www.jhlawga.com/about-us/", "https://www.jhlawga.com/practice-areas" ]
suttonandsmyth.com	https://www.suttonandsmyth.com/	https://www.suttonandsmyth.com/contact/	https://www.suttonandsmyth.com/about-us/	https://www.suttonandsmyth.com/attorneys/	https://www.suttonandsmyth.com/practice-areas/	https://www.suttonandsmyth.com/client-testimonials/	[ "suttonandsmyth.com", "https://www.suttonandsmyth.com/", "https://www.suttonandsmyth.com/contact/", "https://www.suttonandsmyth.com/about-us/", "https://www.suttonandsmyth.com/attorneys/", "https://www.suttonandsmyth.com/practice-areas/", "https://www.suttonandsmyth.com/client-testimonials/" ]
hawkinslawpllc.com	https://www.hawkinslawpllc.com	https://www.hawkinslawpllc.com/david-hawkins-biography	https://www.hawkinslawpllc.com/contact	https://www.hawkinslawpllc.com/experience	https://www.hawkinslawpllc.com/practice-areas		[ "hawkinslawpllc.com", "https://www.hawkinslawpllc.com", "https://www.hawkinslawpllc.com/david-hawkins-biography", "https://www.hawkinslawpllc.com/contact", "https://www.hawkinslawpllc.com/experience", "https://www.hawkinslawpllc.com/practice-areas" ]
rpagelaw.com	https://rpagelaw.com/	https://rpagelaw.com/practice-areas/	https://rpagelaw.com/offices/				[ "rpagelaw.com", "https://rpagelaw.com/", "https://rpagelaw.com/practice-areas/", "https://rpagelaw.com/offices/" ]
bandoviclaw.com	https://bandoviclaw.com/	https://bandoviclaw.com/services/	https://bandoviclaw.com/contact-us/				[ "bandoviclaw.com", "https://bandoviclaw.com/", "https://bandoviclaw.com/services/", "https://bandoviclaw.com/contact-us/" ]
cramer-law.com	https://cramer-law.com/	https://cramer-law.com/contact-us/	https://cramer-law.com/about/amy-s-cramer/	https://cramer-law.com/about/thomas-m-cramer/			[ "cramer-law.com", "https://cramer-law.com/", "https://cramer-law.com/contact-us/", "https://cramer-law.com/about/amy-s-cramer/", "https://cramer-law.com/about/thomas-m-cramer/" ]
scottgottlieblaw.com	https://www.scottgottlieblaw.com/	https://www.scottgottlieblaw.com/contact-us/	https://www.scottgottlieblaw.com/case-results/	https://www.scottgottlieblaw.com/our-firm/			[ "scottgottlieblaw.com", "https://www.scottgottlieblaw.com/", "https://www.scottgottlieblaw.com/contact-us/", "https://www.scottgottlieblaw.com/case-results/", "https://www.scottgottlieblaw.com/our-firm/" ]
carlsondumeer.com	https://www.carlsondumeer.com/about-us/	https://www.carlsondumeer.com/testimonials/	https://www.carlsondumeer.com/contact-us/	https://www.carlsondumeer.com/			[ "carlsondumeer.com", "https://www.carlsondumeer.com/about-us/", "https://www.carlsondumeer.com/testimonials/", "https://www.carlsondumeer.com/contact-us/", "https://www.carlsondumeer.com/" ]
Dunnlawpa.com	https://www.dunnlawpa.com/	https://www.dunnlawpa.com/contact/	https://www.dunnlawpa.com/about/	https://www.dunnlawpa.com/team-members/	https://www.dunnlawpa.com/practice-areas/		[ "Dunnlawpa.com", "https://www.dunnlawpa.com/", "https://www.dunnlawpa.com/contact/", "https://www.dunnlawpa.com/about/", "https://www.dunnlawpa.com/team-members/", "https://www.dunnlawpa.com/practice-areas/" ]
capitalappellate.com	https://capitalappellate.com/	https://www.capitalappellate.com/larry-ebner/					[ "capitalappellate.com", "https://capitalappellate.com/", "https://www.capitalappellate.com/larry-ebner/" ]
reversevision.com	https://constellationmortgagesolutions.com/	https://constellationmortgagesolutions.com/our-story/	https://constellationmortgagesolutions.com/contact-us/				[ "reversevision.com", "https://constellationmortgagesolutions.com/", "https://constellationmortgagesolutions.com/our-story/", "https://constellationmortgagesolutions.com/contact-us/" ]
gordianknotlaw.com	https://www.gordianknotlaw.com/about	https://www.gordianknotlaw.com/services	https://www.gordianknotlaw.com/contact	https://www.gordianknotlaw.com			[ "gordianknotlaw.com", "https://www.gordianknotlaw.com/about", "https://www.gordianknotlaw.com/services", "https://www.gordianknotlaw.com/contact", "https://www.gordianknotlaw.com" ]
atlasspine.com	https://www.atlasspine.com/	https://www.atlasspine.com/company	https://www.atlasspine.com/contact				[ "atlasspine.com", "https://www.atlasspine.com/", "https://www.atlasspine.com/company", "https://www.atlasspine.com/contact" ]
vdblegalgroup.com	https://www.vdblegalgroup.com/about	https://www.vdblegalgroup.com/contact	https://www.vdblegalgroup.com				[ "vdblegalgroup.com", "https://www.vdblegalgroup.com/about", "https://www.vdblegalgroup.com/contact", "https://www.vdblegalgroup.com" ]
inventimm.com	https://www.inventimm.com/	https://www.inventimm.com/contact-us/	https://www.inventimm.com/who-we-are/	https://www.inventimm.com/practice-areas/			[ "inventimm.com", "https://www.inventimm.com/", "https://www.inventimm.com/contact-us/", "https://www.inventimm.com/who-we-are/", "https://www.inventimm.com/practice-areas/" ]
perduelawgroup.com	https://www.perduelawgroup.com/about	https://www.perduelawgroup.com/practice-areas	https://www.perduelawgroup.com/contact		https://www.perduelawgroup.com		[ "perduelawgroup.com", "https://www.perduelawgroup.com/about", "https://www.perduelawgroup.com/practice-areas", "https://www.perduelawgroup.com/contact", "https://www.perduelawgroup.com" ]
refactorlegal.com	https://www.refactorlegal.com/contact/	https://www.refactorlegal.com/experience/			https://www.refactorlegal.com		[ "refactorlegal.com", "https://www.refactorlegal.com/contact/", "https://www.refactorlegal.com/experience/", "https://www.refactorlegal.com" ]
tuplelegal.com	https://tuplelegal.com/contact-los-angeles-nonprofit-lawyer/				https://www.tuplelegal.com		[ "tuplelegal.com", "https://tuplelegal.com/contact-los-angeles-nonprofit-lawyer/", "https://www.tuplelegal.com" ]
komorowskilaw.com	https://komorowskilaw.com/team/	https://komorowskilaw.com/clients/	https://komorowskilaw.com/contact/		https://www.komorowskilaw.com		[ "komorowskilaw.com", "https://komorowskilaw.com/team/", "https://komorowskilaw.com/clients/", "https://komorowskilaw.com/contact/", "https://www.komorowskilaw.com" ]
mixip.io	https://www.mixip.io/about	https://www.mixip.io/contact-us			https://www.mixip.io		[ "mixip.io", "https://www.mixip.io/about", "https://www.mixip.io/contact-us", "https://www.mixip.io" ]
mainsaillawyers.com	https://mainsaillawyers.com/our-team/	https://mainsaillawyers.com/contact/	https://mainsaillawyers.com/join-us/	https://mainsaillawyers.com/practice-areas/	https://www.mainsaillawyers.com		[ "mainsaillawyers.com", "https://mainsaillawyers.com/our-team/", "https://mainsaillawyers.com/contact/", "https://mainsaillawyers.com/join-us/", "https://mainsaillawyers.com/practice-areas/", "https://www.mainsaillawyers.com" ]
zelinkaparsons.com	https://www.zelinkaparsons.com/about-us	https://www.zelinkaparsons.com/contact-us	https://zelinkaparsons.com/our-approach		https://www.zelinkaparsons.com		[ "zelinkaparsons.com", "https://www.zelinkaparsons.com/about-us", "https://www.zelinkaparsons.com/contact-us", "https://zelinkaparsons.com/our-approach", "https://www.zelinkaparsons.com" ]
rafaeltestai.com	https://www.rafaeltestai.com/home	https://www.jnj.com/medtech	https://www.statutematcher.com/	https://www.davincisurgery.com/			[ "rafaeltestai.com", "https://www.rafaeltestai.com/home", "https://www.jnj.com/medtech", "https://www.statutematcher.com/", "https://www.davincisurgery.com/" ]
vaagelaw.com	https://www.vaagelaw.com/	https://www.vaagelaw.com/about-the-firm/	https://www.vaagelaw.com/robert-vaage/	https://www.vaagelaw.com/contact-us/	https://www.vaagelaw.com		[ "vaagelaw.com", "https://www.vaagelaw.com/", "https://www.vaagelaw.com/about-the-firm/", "https://www.vaagelaw.com/robert-vaage/", "https://www.vaagelaw.com/contact-us/", "https://www.vaagelaw.com" ]
legalease.us	https://www.legalease.us/our-approach	https://www.legalease.us/contact	https://www.legalease.us/Services	https://www.legalease.us			[ "legalease.us", "https://www.legalease.us/our-approach", "https://www.legalease.us/contact", "https://www.legalease.us/Services", "https://www.legalease.us" ]
BayAreaBicycleLaw.com	https://bayareabicyclelaw.com/	https://bayareabicyclelaw.com/about-our-firm/	https://bayareabicyclelaw.com/testimonials/	https://bayareabicyclelaw.com/contact-us/			[ "BayAreaBicycleLaw.com", "https://bayareabicyclelaw.com/", "https://bayareabicyclelaw.com/about-our-firm/", "https://bayareabicyclelaw.com/testimonials/", "https://bayareabicyclelaw.com/contact-us/" ]
dobinlaw.com	https://dobinlaw.com/	https://dobinlaw.com/contact-us/	https://dobinlaw.com/marc-s-dobin/	https://dobinlaw.com/about-dobin-law-group/	https://dobinlaw.com/practice-areas/		[ "dobinlaw.com", "https://dobinlaw.com/", "https://dobinlaw.com/contact-us/", "https://dobinlaw.com/marc-s-dobin/", "https://dobinlaw.com/about-dobin-law-group/", "https://dobinlaw.com/practice-areas/" ]
sorensenlawgroup.com	https://www.sorensenlawgroup.com/about/				https://www.sorensenlawgroup.com		[ "sorensenlawgroup.com", "https://www.sorensenlawgroup.com/about/", "https://www.sorensenlawgroup.com" ]
yourattorney.com	https://yourattorney.com/	https://yourattorney.com/contact/	https://yourattorney.com/about-us/	https://yourattorney.com/practice-areas/			[ "yourattorney.com", "https://yourattorney.com/", "https://yourattorney.com/contact/", "https://yourattorney.com/about-us/", "https://yourattorney.com/practice-areas/" ]
freebirdfinancial.us	https://www.freebirdfinancial.us/contact-us	https://www.freebirdfinancial.us/about			https://www.freebirdfinancial.us		[ "freebirdfinancial.us", "https://www.freebirdfinancial.us/contact-us", "https://www.freebirdfinancial.us/about", "https://www.freebirdfinancial.us" ]
nexa.law	https://www.nexa.law/	https://www.nexa.law/about-us/	https://www.nexa.law/contact/	https://www.nexa.law/our-team/	https://www.nexa.law/why-instruct-nexa-law/		[ "nexa.law", "https://www.nexa.law/", "https://www.nexa.law/about-us/", "https://www.nexa.law/contact/", "https://www.nexa.law/our-team/", "https://www.nexa.law/why-instruct-nexa-law/" ]
williamslawpc.com	https://williamslawpc.com/	https://williamslawpc.com/about/	https://williamslawpc.com/contact/	https://williamslawpc.com/people/			[ "williamslawpc.com", "https://williamslawpc.com/", "https://williamslawpc.com/about/", "https://williamslawpc.com/contact/", "https://williamslawpc.com/people/" ]
arclightcontent.com	https://arclightcontent.com/	https://arclightcontent.com/about-us/	https://arclightcontent.com/contact-us/				[ "arclightcontent.com", "https://arclightcontent.com/", "https://arclightcontent.com/about-us/", "https://arclightcontent.com/contact-us/" ]
newleaf.family	https://www.newleaf.family/	https://www.newleaf.family/our-firm	https://www.newleaf.family/contact-us	https://www.newleaf.family/testimonials			[ "newleaf.family", "https://www.newleaf.family/", "https://www.newleaf.family/our-firm", "https://www.newleaf.family/contact-us", "https://www.newleaf.family/testimonials" ]
theherringlawgroup.com	https://www.theherringlawgroup.com/about-us/	https://www.theherringlawgroup.com/our-team/			https://www.theherringlawgroup.com		[ "theherringlawgroup.com", "https://www.theherringlawgroup.com/about-us/", "https://www.theherringlawgroup.com/our-team/", "https://www.theherringlawgroup.com" ]
ehglawfirm.com	https://www.ehglawfirm.com/	https://www.ehglawfirm.com/about/	https://www.ehglawfirm.com/contact/	https://www.ehglawfirm.com/practice-areas/			[ "ehglawfirm.com", "https://www.ehglawfirm.com/", "https://www.ehglawfirm.com/about/", "https://www.ehglawfirm.com/contact/", "https://www.ehglawfirm.com/practice-areas/" ]
wudtke.com	https://www.wudtke.com/contact	https://www.wudtke.com/specialities			https://www.wudtke.com		[ "wudtke.com", "https://www.wudtke.com/contact", "https://www.wudtke.com/specialities", "https://www.wudtke.com" ]
selislaw.com	https://www.selislaw.com/about-us	https://www.selislaw.com/locations			https://www.selislaw.com		[ "selislaw.com", "https://www.selislaw.com/about-us", "https://www.selislaw.com/locations", "https://www.selislaw.com" ]
oconnorimmigration.com	https://oconnorimmigration.com/services/	https://oconnorimmigration.com/contact/			https://www.oconnorimmigration.com		[ "oconnorimmigration.com", "https://oconnorimmigration.com/services/", "https://oconnorimmigration.com/contact/", "https://www.oconnorimmigration.com" ]
peopleclerk.com	https://www.peopleclerk.com/contact	https://www.peopleclerk.com/plans			https://www.peopleclerk.com		[ "peopleclerk.com", "https://www.peopleclerk.com/contact", "https://www.peopleclerk.com/plans", "https://www.peopleclerk.com" ]
gosagewood.com	https://gosagewood.com/services/	https://gosagewood.com/success-stories/testimonials-reviews/			https://www.gosagewood.com		[ "gosagewood.com", "https://gosagewood.com/services/", "https://gosagewood.com/success-stories/testimonials-reviews/", "https://www.gosagewood.com" ]
tkfpc.com	https://www.tkfpc.com/contact/	https://www.tkfpc.com/attorneys/			https://www.tkfpc.com		[ "tkfpc.com", "https://www.tkfpc.com/contact/", "https://www.tkfpc.com/attorneys/", "https://www.tkfpc.com" ]
bershlaw.com	https://bershlaw.com/about-us/	https://bershlaw.com/practice-areas/real-estate/			https://www.bershlaw.com		[ "bershlaw.com", "https://bershlaw.com/about-us/", "https://bershlaw.com/practice-areas/real-estate/", "https://www.bershlaw.com" ]
lionheartedleader.com	https://lionheartedleader.com/	https://lionheartedleader.com/contact/					[ "lionheartedleader.com", "https://lionheartedleader.com/", "https://lionheartedleader.com/contact/" ]
slslawkc.com	https://www.slslawkc.com/blank-6	https://www.slslawkc.com/book-online-1	https://www.slslawkc.com/blank-7		https://www.slslawkc.com		[ "slslawkc.com", "https://www.slslawkc.com/blank-6", "https://www.slslawkc.com/book-online-1", "https://www.slslawkc.com/blank-7", "https://www.slslawkc.com" ]
preservesettlements.com	https://www.preservesettlements.com/contact-us.html				https://www.preservesettlements.com		[ "preservesettlements.com", "https://www.preservesettlements.com/contact-us.html", "https://www.preservesettlements.com" ]
adrnotable.com	https://www.adrnotable.com/why-adr-notable/	https://www.adrnotable.com/scheduling/			https://www.adrnotable.com		[ "adrnotable.com", "https://www.adrnotable.com/why-adr-notable/", "https://www.adrnotable.com/scheduling/", "https://www.adrnotable.com" ]
nourmandlawfirm.com	https://www.nourmandlawfirm.com/contact-us.html				https://www.nourmandlawfirm.com		[ "nourmandlawfirm.com", "https://www.nourmandlawfirm.com/contact-us.html", "https://www.nourmandlawfirm.com" ]
astitle.com	https://www.astitle.com/order-title/	https://astitle.wpengine.com/about-us/			https://www.astitle.com		[ "astitle.com", "https://www.astitle.com/order-title/", "https://astitle.wpengine.com/about-us/", "https://www.astitle.com" ]
eckhauslaw.com	https://www.eckhauslaw.com/our-founder	https://www.eckhauslaw.com/contact			https://www.eckhauslaw.com		[ "eckhauslaw.com", "https://www.eckhauslaw.com/our-founder", "https://www.eckhauslaw.com/contact", "https://www.eckhauslaw.com" ]
heilbutllp.com	https://www.heilbutllp.com/services	https://www.heilbutllp.com/contact			https://www.heilbutllp.com		[ "heilbutllp.com", "https://www.heilbutllp.com/services", "https://www.heilbutllp.com/contact", "https://www.heilbutllp.com" ]
kmlawfirm.com	https://kmlawfirm.com/firm-news/	https://kmlawfirm.com/practice-areas/			https://www.kmlawfirm.com		[ "kmlawfirm.com", "https://kmlawfirm.com/firm-news/", "https://kmlawfirm.com/practice-areas/", "https://www.kmlawfirm.com" ]
oeklaw.com	https://oeklaw.com/services/	https://oeklaw.com/					[ "oeklaw.com", "https://oeklaw.com/services/", "https://oeklaw.com/" ]
lotuslegal.co	https://www.lotuslegal.co/consultation	https://www.lotuslegal.co/work			https://www.lotuslegal.co		[ "lotuslegal.co", "https://www.lotuslegal.co/consultation", "https://www.lotuslegal.co/work", "https://www.lotuslegal.co" ]
doustlaw.com					https://www.doustlaw.com		[ "doustlaw.com", "https://www.doustlaw.com" ]
patriotslawgroup.com	https://www.patriotslawgroup.com/news	https://www.patriotslawgroup.com/practice-areas-13			https://www.patriotslawgroup.com		[ "patriotslawgroup.com", "https://www.patriotslawgroup.com/news", "https://www.patriotslawgroup.com/practice-areas-13", "https://www.patriotslawgroup.com" ]
ottercreeklaw.com	https://www.ottercreeklaw.com/philosophy/	https://www.ottercreeklaw.com/jennifer-guevin/			https://www.ottercreeklaw.com		[ "ottercreeklaw.com", "https://www.ottercreeklaw.com/philosophy/", "https://www.ottercreeklaw.com/jennifer-guevin/", "https://www.ottercreeklaw.com" ]
yurusmc.com	https://www.yurusmc.com/about/	https://www.yurusmc.com/our-services/			https://www.yurusmc.com		[ "yurusmc.com", "https://www.yurusmc.com/about/", "https://www.yurusmc.com/our-services/", "https://www.yurusmc.com" ]
curciolaw.com	https://www.curciolaw.com/practice-areas/catastrophic-injuries/loss-of-limb/	https://www.curciolaw.com/team/meg-earley/			https://www.curciolaw.com		[ "curciolaw.com", "https://www.curciolaw.com/practice-areas/catastrophic-injuries/loss-of-limb/", "https://www.curciolaw.com/team/meg-earley/", "https://www.curciolaw.com" ]
benolawny.com	https://www.benolawny.com	https://www.benolawny.com/immigration-news					[ "benolawny.com", "https://www.benolawny.com", "https://www.benolawny.com/immigration-news" ]
boislegal.com	https://www.boislegal.com/	https://www.boislegal.com/about-us/					[ "boislegal.com", "https://www.boislegal.com/", "https://www.boislegal.com/about-us/" ]
sanceslaw.com					https://www.sanceslaw.com		[ "sanceslaw.com", "https://www.sanceslaw.com" ]
pincites.com	https://www.pincites.com/about				https://www.pincites.com		[ "pincites.com", "https://www.pincites.com/about", "https://www.pincites.com" ]
caplawllc.com		https://www.caplawllc.com/citizenship-lawyers/			https://www.caplawllc.com		[ "caplawllc.com", "https://www.caplawllc.com/citizenship-lawyers/", "https://www.caplawllc.com" ]
silvermillerlaw.com	https://www.silvermillerlaw.com/practice-areas	https://www.silvermillerlaw.com/about-us/our-attorneys/			https://www.silvermillerlaw.com		[ "silvermillerlaw.com", "https://www.silvermillerlaw.com/practice-areas", "https://www.silvermillerlaw.com/about-us/our-attorneys/", "https://www.silvermillerlaw.com" ]
latrialpros.com	https://www.latrialpros.com	https://www.latrialpros.com/labor-law					[ "latrialpros.com", "https://www.latrialpros.com", "https://www.latrialpros.com/labor-law" ]
knightlawyers.com	http://www.knightlawyers.com/contact-us/	https://www.knightlawyers.com/business-transactions/			https://www.knightlawyers.com		[ "knightlawyers.com", "http://www.knightlawyers.com/contact-us/", "https://www.knightlawyers.com/business-transactions/", "https://www.knightlawyers.com" ]
gulfstreamfirm.com	https://www.gulfstreamfirm.com/#Results	https://www.gulfstreamfirm.com/commercial-property-claims			https://www.gulfstreamfirm.com		[ "gulfstreamfirm.com", "https://www.gulfstreamfirm.com/#Results", "https://www.gulfstreamfirm.com/commercial-property-claims", "https://www.gulfstreamfirm.com" ]
cristodiazlaw.com	https://www.cristodiazlaw.com/legal	https://www.cristodiazlaw.com/evictions			https://www.cristodiazlaw.com		[ "cristodiazlaw.com", "https://www.cristodiazlaw.com/legal", "https://www.cristodiazlaw.com/evictions", "https://www.cristodiazlaw.com" ]
castleemploymentlaw.com	https://www.castleemploymentlaw.com/harassment	https://www.castleemploymentlaw.com/age-discrimination			https://www.castleemploymentlaw.com		[ "castleemploymentlaw.com", "https://www.castleemploymentlaw.com/harassment", "https://www.castleemploymentlaw.com/age-discrimination", "https://www.castleemploymentlaw.com" ]
petershamlinlaw.com	https://www.petershamlinlaw.com/client-testimonials.html	https://www.petershamlinlaw.com/kristan-peters-hamlin.html	https://www.petershamlinlaw.com/practice-areas.html		https://www.petershamlinlaw.com		[ "petershamlinlaw.com", "https://www.petershamlinlaw.com/client-testimonials.html", "https://www.petershamlinlaw.com/kristan-peters-hamlin.html", "https://www.petershamlinlaw.com/practice-areas.html", "https://www.petershamlinlaw.com" ]
marqueseasonlaw.com	https://www.marqueseasonlaw.com/recommendations	https://www.marqueseasonlaw.com/attorney/marques-eason	https://www.marqueseasonlaw.com				[ "marqueseasonlaw.com", "https://www.marqueseasonlaw.com/recommendations", "https://www.marqueseasonlaw.com/attorney/marques-eason", "https://www.marqueseasonlaw.com" ]
azentertainmentlaw.com	https://www.azentertainmentlaw.com/about-us				https://www.azentertainmentlaw.com		[ "azentertainmentlaw.com", "https://www.azentertainmentlaw.com/about-us", "https://www.azentertainmentlaw.com" ]
thedrosslawfirm.com		https://thedrosslawfirm.com/practices/			https://www.thedrosslawfirm.com		[ "thedrosslawfirm.com", "https://thedrosslawfirm.com/practices/", "https://www.thedrosslawfirm.com" ]
theplacefirm.com	https://www.theplacefirm.com/seminars%2Fwebinars	https://www.theplacefirm.com/services-%26-fees			https://www.theplacefirm.com		[ "theplacefirm.com", "https://www.theplacefirm.com/seminars%2Fwebinars", "https://www.theplacefirm.com/services-%26-fees", "https://www.theplacefirm.com" ]
thearticulatefly.com	https://www.thearticulatefly.com/advertise	https://www.thearticulatefly.com/consulting			https://www.thearticulatefly.com		[ "thearticulatefly.com", "https://www.thearticulatefly.com/advertise", "https://www.thearticulatefly.com/consulting", "https://www.thearticulatefly.com" ]
mondocklaw.com	https://www.mondocklaw.com/business-law	https://www.mondocklaw.com/estate-planning			https://www.mondocklaw.com		[ "mondocklaw.com", "https://www.mondocklaw.com/business-law", "https://www.mondocklaw.com/estate-planning", "https://www.mondocklaw.com" ]
ashoorilaw.com	https://www.ashoorilaw.com/visitor-visa/	https://www.ashoorilaw.com/p-visa/			https://www.ashoorilaw.com		[ "ashoorilaw.com", "https://www.ashoorilaw.com/visitor-visa/", "https://www.ashoorilaw.com/p-visa/", "https://www.ashoorilaw.com" ]
avantechlaw.com	https://www.avantechlaw.com/	https://www.avantechlaw.com/contact/					[ "avantechlaw.com", "https://www.avantechlaw.com/", "https://www.avantechlaw.com/contact/" ]
butcherlawllc.com	https://www.butcherlawllc.com/services	https://www.butcherlawllc.com/about			https://www.butcherlawllc.com		[ "butcherlawllc.com", "https://www.butcherlawllc.com/services", "https://www.butcherlawllc.com/about", "https://www.butcherlawllc.com" ]
tvp-institute.com	https://www.tvp-institute.com/	https://www.tvp-institute.com/contact					[ "tvp-institute.com", "https://www.tvp-institute.com/", "https://www.tvp-institute.com/contact" ]
hassancables.com	https://www.hassancables.com/about	https://www.hassancables.com/stewart-d-cables			https://www.hassancables.com		[ "hassancables.com", "https://www.hassancables.com/about", "https://www.hassancables.com/stewart-d-cables", "https://www.hassancables.com" ]
axiomlaw.com	https://www.axiomlaw.com/industries/insurance	https://www.axiomlaw.com/about-us/our-team			https://www.axiomlaw.com		[ "axiomlaw.com", "https://www.axiomlaw.com/industries/insurance", "https://www.axiomlaw.com/about-us/our-team", "https://www.axiomlaw.com" ]
michaelpmorton.com	https://www.mvzllc.com						[ "michaelpmorton.com", "https://www.mvzllc.com" ]
shapirolawaz.com	https://shapirolawaz.com/	https://www.shapirolawaz.com/reviews/					[ "shapirolawaz.com", "https://shapirolawaz.com/", "https://www.shapirolawaz.com/reviews/" ]
chancerychambers.com	https://chancerychambers.com/corporate-services/	https://chancerychambers.com/contact/			https://www.chancerychambers.com		[ "chancerychambers.com", "https://chancerychambers.com/corporate-services/", "https://chancerychambers.com/contact/", "https://www.chancerychambers.com" ]
capstonelawyers.com	https://capstonelawyers.com/practice-areas/labor-employment/	https://capstonelawyers.com/our-attorneys/			https://www.capstonelawyers.com		[ "capstonelawyers.com", "https://capstonelawyers.com/practice-areas/labor-employment/", "https://capstonelawyers.com/our-attorneys/", "https://www.capstonelawyers.com" ]
bajokalaw.com	https://www.bajokalaw.com/deportation-and-removal	https://www.bajokalaw.com/federal-white-collar-crime			https://www.bajokalaw.com		[ "bajokalaw.com", "https://www.bajokalaw.com/deportation-and-removal", "https://www.bajokalaw.com/federal-white-collar-crime", "https://www.bajokalaw.com" ]
themamattorney.com	https://www.themamattorney.com/the-mamattorney-academy/	https://www.themamattorney.com/testimonials/			https://www.themamattorney.com		[ "themamattorney.com", "https://www.themamattorney.com/the-mamattorney-academy/", "https://www.themamattorney.com/testimonials/", "https://www.themamattorney.com" ]
calidibio.com	https://www.calidibio.com/about				https://www.calidibio.com		[ "calidibio.com", "https://www.calidibio.com/about", "https://www.calidibio.com" ]
nphlaw.com	https://www.nphlaw.com/our-firm	https://www.nphlaw.com/ourteam			https://www.nphlaw.com		[ "nphlaw.com", "https://www.nphlaw.com/our-firm", "https://www.nphlaw.com/ourteam", "https://www.nphlaw.com" ]
burtpayne.com	https://burtpayne.com/practice-areas/liquor-liability/	https://burtpayne.com/our-firm/clifford-j-payne/			https://www.burtpayne.com		[ "burtpayne.com", "https://burtpayne.com/practice-areas/liquor-liability/", "https://burtpayne.com/our-firm/clifford-j-payne/", "https://www.burtpayne.com" ]
roadrunnerlaw.com	https://www.roadrunnerlaw.com/why-choose-us/	https://www.roadrunnerlaw.com/car-accident-lawyer/			https://www.roadrunnerlaw.com		[ "roadrunnerlaw.com", "https://www.roadrunnerlaw.com/why-choose-us/", "https://www.roadrunnerlaw.com/car-accident-lawyer/", "https://www.roadrunnerlaw.com" ]